{
  "consumption_profile": {
    "hourly_profile": {
      "mean": {
        "0": 0.4494755244755245,
        "1": 0.44835509138381197,
        "2": 0.4481429816913688,
        "3": 0.8809350649350649,
        "4": 1.0266539792387543,
        "5": 3.1346311263972484,
        "6": 3.826051546391753,
        "7": 3.810134715025907,
        "8": 3.819993031358885,
        "9": 3.8699676840215442,
        "10": 3.873366574330563,
        "11": 3.850119257086999,
        "12": 3.7925755995828987,
        "13": 3.7438250539956806,
        "14": 3.277703786191537,
        "15": 3.100315068493151,
        "16": 3.133879120879121,
        "17": 3.1210909090909094,
        "18": 3.046240740740741,
        "19": 0.9133854853911404,
        "20": 0.45873646850044364,
        "21": 0.4561647475642161,
        "22": 0.4537308707124011,
        "23": 0.4499267015706806
      },
      "sum": {
        "0": 514.2,
        "1": 515.16,
        "2": 514.02,
        "3": 1017.48,
        "4": 1186.812,
        "5": 3645.576,
        "6": 4453.524,
        "7": 4412.136,
        "8": 4385.352,
        "9": 4311.144,
        "10": 4194.856,
        "11": 3938.672,
        "12": 3637.08,
        "13": 3466.782,
        "14": 2943.378,
        "15": 2715.876,
        "16": 2851.83,
        "17": 2952.552,
        "18": 2960.946,
        "19": 969.102,
        "20": 516.996,
        "21": 515.01,
        "22": 515.892,
        "23": 515.616
      },
      "std": {
        "0": 1.42215867038101,
        "1": 1.421972595359553,
        "2": 1.4199600885890657,
        "3": 1.8868715927141335,
        "4": 2.0008808937969405,
        "5": 2.277037075302143,
        "6": 1.9166260923133156,
        "7": 1.9308937288299861,
        "8": 1.9291786996158915,
        "9": 1.9169504249117377,
        "10": 1.9308628226277247,
        "11": 1.9595542479692876,
        "12": 1.9909850444051362,
        "13": 2.0119411284866016,
        "14": 2.26766960298994,
        "15": 2.309458239263943,
        "16": 2.3047466795939506,
        "17": 2.2986737768695074,
        "18": 2.295880852627383,
        "19": 1.899480717354205,
        "20": 1.4395454164346204,
        "21": 1.4329022343690132,
        "22": 1.4307600713365674,
        "23": 1.4248850598992038
      }
    },
    "daily_profile": {
      "mean": {
        "0": 3.0628371710526316,
        "1": 2.57565568369028,
        "2": 2.733438982070561,
        "3": 2.6579611021069693,
        "4": 2.5959093157460837,
        "5": 1.822436497501972,
        "6": 0.3756198999736773
      },
      "sum": {
        "0": 11173.23,
        "1": 9380.538,
        "2": 9452.232,
        "3": 9839.772,
        "4": 9446.514,
        "5": 6930.726,
        "6": 1426.98
      }
    },
    "monthly_profile": {
      "mean": {
        "1": 2.9722716857610476,
        "2": 2.6561952976064394,
        "3": 2.0189328023892483,
        "4": 1.6680859375,
        "10": 1.8577047451669595,
        "11": 1.5600929432013768,
        "12": 2.101357763112192
      },
      "sum": {
        "1": 16344.522,
        "2": 12539.898,
        "3": 4056.036,
        "4": 1281.09,
        "10": 3171.102,
        "11": 8157.726,
        "12": 12099.618
      }
    },
    "duty_cycle_percent": 48.20754349772294,
    "total_energy": 57649.992,
    "average_power": 2.2439761784282433,
    "peak_power": 5.316
  },
  "schedule_optimization": {
    "peak_hours_to_avoid": [
      6,
      7,
      8,
      9,
      10,
      11
    ],
    "optimal_off_peak_hours": [
      0,
      1,
      2,
      21,
      22,
      23
    ],
    "shiftable_load_percent": 44.571877824371605
  },
  "estimated_savings": {
    "daily_savings_kwh": 8.078314242341676,
    "annual_savings_kwh": 2948.584698454712,
    "daily_savings_cost": 0.9693977090810018,
    "annual_savings_cost": 353.83016381456565,
    "savings_percentage": 15.000000000000002
  },
  "recommendations": [
    "Shift high-power operations to off-peak hours: [0, 1, 2, 21, 22, 23]",
    "Potential annual savings: $353.83",
    "Reduce duty cycle by optimizing setpoints during 48.2% idle time"
  ]
}